id,name,slug,title,description,category,rarity,targetValue,iconUrl,isActive,autoAward,manualOnly,isShame,sortOrder,ruleData,ruleComplexity,rulePerformanceScore,lastRuleValidation,createdAt,updatedAt
1,MuskBucks Millionaire,muskbucks-millionaire,MuskBucks Millionaire,"Earn ≥1,000,000 MuskBucks net profit from betting",betting,legendary,1000000,,t,t,f,f,100,"{""progress"": {""kind"": ""threshold"", ""setIf"": {""netProfit"": ""$.netProfit""}}, ""eventKeys"": [""user:balance:snapshot""], ""unlockWhen"": {""progress >="": 1000000}}",0,0,,2025-08-15 02:39:57.628,2025-09-06 03:03:40.291
2,Big Spender,big-spender,Big Spender,"Place a single bet with stake ≥100,000 MuskBucks",betting,rare,100000,,t,t,f,f,101,"{""progress"": {""kind"": ""binary"", ""incrementIf"": {""amount >="": 100000}}, ""eventKeys"": [""bet:placed""], ""unlockWhen"": {""progress >="": 1}}",0,0,,2025-08-15 02:39:57.632,2025-08-23 02:27:38.596
3,YOLO All-In,yolo-all-in,YOLO All-In,Go all-in with your entire balance and win,betting,uncommon,1,,t,t,f,f,102,"{""progress"": {""kind"": ""binary"", ""incrementIf"": {""wasAllIn"": true}}, ""eventKeys"": [""bet:won""], ""unlockWhen"": {""progress >="": 1}}",0,0,,2025-08-15 02:39:57.633,2025-09-06 03:03:40.3
4,Paper Hands,paper-hands,Paper Hands,Lose 5 bets in a row,betting,uncommon,5,,t,t,f,f,103,"{""progress"": {""kind"": ""streak"", ""resetIf"": {""won"": true}, ""incrementIf"": {""won"": false}}, ""eventKeys"": [""bet:won"", ""bet:lost"", ""parlay:won"", ""parlay:lost""], ""unlockWhen"": {""progress >="": 5}}",0,0,,2025-08-15 02:39:57.633,2025-08-23 02:27:38.597
5,Diamond Hands,diamond-hands,Diamond Hands,Win 10 bets in a row,betting,rare,10,,t,t,f,f,104,"{""progress"": {""kind"": ""streak"", ""resetIf"": {""won"": false}, ""incrementIf"": {""won"": true}}, ""eventKeys"": [""bet:won"", ""bet:lost"", ""parlay:won"", ""parlay:lost""], ""unlockWhen"": {""progress >="": 10}}",0,0,,2025-08-15 02:39:57.634,2025-09-06 03:03:40.285
6,Parlay Prodigy,parlay-prodigy,Parlay Prodigy,Win a parlay with 3 or more legs,betting,rare,3,,t,t,f,f,105,"{""progress"": {""kind"": ""binary"", ""incrementIf"": {""legCount >="": 3}}, ""eventKeys"": [""parlay:won""], ""unlockWhen"": {""progress >="": 1}}",0,0,,2025-08-15 02:39:57.635,2025-09-06 03:03:40.296
7,The Long Shot,the-long-shot,The Long Shot,Win a bet with implied odds less than 10%,betting,rare,1,,t,t,f,f,106,"{""progress"": {""kind"": ""binary"", ""incrementIf"": {""odds >"": 10}}, ""eventKeys"": [""bet:won"", ""parlay:won""], ""unlockWhen"": {""progress >="": 1}}",0,0,,2025-08-15 02:39:57.636,2025-09-06 03:03:40.299
8,Bankrupt Billionaire,bankrupt-billionaire,Bankrupt Billionaire,Your MuskBucks balance hits zero,betting,uncommon,1,,t,t,f,f,107,"{""progress"": {""kind"": ""binary"", ""incrementIf"": {""balance"": 0}}, ""eventKeys"": [""user:balance:snapshot""], ""unlockWhen"": {""progress >="": 1}}",0,0,,2025-08-15 02:39:57.637,2025-09-06 03:03:40.278
9,Rags to Riches,rags-to-riches,Rags to Riches,"Go from <100 to ≥50,000 MuskBucks in the same day",betting,uncommon,50000,,t,t,f,f,108,"{""progress"": {""kind"": ""binary"", ""incrementIf"": {""and"": [{""previousBalance <"": 100}, {""balance >="": 50000}]}}, ""eventKeys"": [""user:balance:snapshot""], ""unlockWhen"": {""progress >="": 1}}",0,0,,2025-08-15 02:39:57.637,2025-09-06 03:03:40.296
10,High Roller,high-roller,High Roller,Hold #1 position on leaderboard for 7 consecutive days,leaderboard,legendary,7,,t,t,f,f,200,"{""progress"": {""kind"": ""binary"", ""incrementIf"": {""and"": [{""rank <="": 10}, {""totalBets >="": 500}]}}, ""eventKeys"": [""leaderboard:rank:update""], ""unlockWhen"": {""progress >="": 1}}",0,0,,2025-08-15 02:39:57.638,2025-09-06 07:05:15.249
11,Chief Musk Whisperer,chief-musk-whisperer,Chief Musk Whisperer,Finish #1 on the weekly leaderboard,leaderboard,legendary,1,,t,t,f,f,201,"{""progress"": {""kind"": ""binary"", ""incrementIf"": {""isFirst"": true}}, ""eventKeys"": [""leaderboard:rank:update""], ""unlockWhen"": {""progress >="": 1}}",0,0,,2025-08-15 02:39:57.639,2025-09-06 07:05:15.244
12,Rocket Fumbler,rocket-fumbler,Rocket Fumbler,Finish last place on weekly leaderboard (among active bettors),leaderboard,uncommon,1,,t,t,f,f,202,"{""progress"": {""kind"": ""binary"", ""incrementIf"": {""and"": [{""previousRank <="": 10}, {""rank >="": 50}, {""isImprovement"": false}]}}, ""eventKeys"": [""leaderboard:rank:update""], ""unlockWhen"": {""progress >="": 1}}",0,0,,2025-08-15 02:39:57.639,2025-09-06 07:05:15.251
13,Whale of Wall Street,whale-of-wall-street,Whale of Wall Street,Have the largest single-day profit site-wide,leaderboard,legendary,1,,t,t,f,f,203,"{""progress"": {""kind"": ""binary"", ""incrementIf"": {""and"": [{""rank <="": 3}, {""profitAll >="": 1000000}]}}, ""eventKeys"": [""leaderboard:rank:update""], ""unlockWhen"": {""progress >="": 1}}",0,0,,2025-08-15 02:39:57.64,2025-09-06 07:05:15.253
14,Clown of the Week,clown-of-the-week,Clown of the Week,Place the single biggest losing bet of the week,leaderboard,legendary,1,,t,t,f,f,204,"{""progress"": {""kind"": ""binary"", ""incrementIf"": {""and"": [{""rank >="": 90}, {""profitAll <"": 0}]}}, ""eventKeys"": [""leaderboard:rank:update""], ""unlockWhen"": {""progress >="": 1}}",0,0,,2025-08-15 02:39:57.64,2025-09-06 07:05:15.246
15,Prophet of Mars,prophet-of-mars,Prophet of Mars,Create a prediction that receives over 100 bets,prediction,legendary,100,,t,t,f,f,300,"{""progress"": {""kind"": ""count"", ""incrementIf"": {""outcome"": ""correct""}}, ""eventKeys"": [""prediction:resolved""], ""unlockWhen"": {""progress >="": 50}}",0,0,,2025-08-15 02:39:57.641,2025-09-06 07:00:55.67
16,Chaos Agent,chaos-agent,Chaos Agent,Have 10 predictions approved by admins,prediction,rare,10,,t,t,f,f,301,"{""progress"": {""kind"": ""count"", ""incrementIf"": {}}, ""eventKeys"": [""prediction:approved""], ""unlockWhen"": {""progress >="": 10}}",0,0,,2025-08-15 02:39:57.642,2025-09-06 03:03:40.303
17,Trendsetter,trendsetter,Trendsetter,First to create prediction about an event that actually happens,prediction,rare,1,,t,f,t,f,302,"{""progress"": {""kind"": ""count"", ""incrementIf"": {}}, ""eventKeys"": [""prediction:approved""], ""unlockWhen"": {""progress >="": 50}}",0,0,,2025-08-15 02:39:57.642,2025-09-06 07:00:55.669
18,Cursed Predictor,cursed-predictor,Cursed Predictor,Five of your created predictions resolve in unexpected ways,prediction,uncommon,5,,t,t,f,f,303,"{""progress"": {""kind"": ""count"", ""incrementIf"": {""outcome"": ""incorrect""}}, ""eventKeys"": [""prediction:resolved""], ""unlockWhen"": {""progress >="": 10}}",0,0,,2025-08-15 02:39:57.643,2025-09-06 07:00:55.672
19,Musk Whisperer,musk-whisperer,Musk Whisperer,Create prediction about Elon that resolves correctly within 24h,prediction,rare,1,,t,t,f,f,304,"{""progress"": {""kind"": ""count"", ""incrementIf"": {""category"": ""elon""}}, ""eventKeys"": [""prediction:created""], ""unlockWhen"": {""progress >="": 20}}",0,0,,2025-08-15 02:39:57.643,2025-09-06 07:00:55.671
20,Keyboard Warrior,keyboard-warrior,Keyboard Warrior,"Send 1,000 messages in global chat",chat,rare,1000,,t,t,f,f,400,"{""counters"": [""chatMessages""], ""progress"": {""kind"": ""count"", ""incrementIf"": {}}, ""eventKeys"": [""chat:message:sent""], ""unlockWhen"": {""counter >="": {""key"": ""chatMessages"", ""value"": 1000}}}",0,0,,2025-08-15 02:39:57.644,2025-09-06 10:16:04.946
21,Chief Shitposter,chief-shitposter,Chief Shitposter,Get 50+ upvotes on a single profile post,chat,rare,50,,t,t,f,f,401,"{""progress"": {""kind"": ""count"", ""incrementIf"": {}}, ""eventKeys"": [""post:reaction""], ""unlockWhen"": {""progress >="": 50}}",0,0,,2025-08-15 02:39:57.645,2025-09-06 07:00:55.659
22,Reply Guy,reply-guy,Reply Guy,Comment on 50 different user profile posts,chat,rare,50,,t,t,f,f,402,"{""progress"": {""kind"": ""count"", ""incrementIf"": {}}, ""eventKeys"": [""comment:created""], ""unlockWhen"": {""progress >="": 50}}",0,0,,2025-08-15 02:39:57.645,2025-09-06 07:00:55.665
23,Community Meme Lord,community-meme-lord,Community Meme Lord,Post a meme that gets 100+ upvotes,chat,rare,100,,t,t,f,f,403,"{""progress"": {""kind"": ""count"", ""incrementIf"": {}}, ""eventKeys"": [""post:reaction""], ""unlockWhen"": {""progress >="": 100}}",0,0,,2025-08-15 02:39:57.646,2025-09-06 07:00:55.66
24,Elon Reply Intern,elon-reply-intern,Elon Reply Intern,Be the first to reply to an AI Elon tweet,chat,rare,1,,t,t,f,f,404,"{""progress"": {""kind"": ""count"", ""incrementIf"": {}}, ""eventKeys"": [""chat:message:sent""], ""unlockWhen"": {""progress >="": 50}}",0,0,,2025-08-15 02:39:57.646,2025-09-06 07:00:55.662
25,Free Speech Absolutist,free-speech-absolutist,Free Speech Absolutist,Send 100+ messages in a single thread,chat,rare,100,,t,t,f,f,405,"{""progress"": {""kind"": ""count"", ""incrementIf"": {}}, ""eventKeys"": [""thread:participation""], ""unlockWhen"": {""progress >="": 100}}",0,0,,2025-08-15 02:39:57.647,2025-09-06 07:00:55.663
26,Consistent Gambler,consistent-gambler,Consistent Gambler,Place at least one bet every day for 30 days straight,participation,uncommon,30,,t,t,f,f,500,"{""progress"": {""kind"": ""count"", ""incrementIf"": {}}, ""eventKeys"": [""bet:placed""], ""unlockWhen"": {""progress >="": 30}}",0,0,,2025-08-15 02:39:57.647,2025-09-06 07:12:11.857
27,Late Stage Capitalist,late-stage-capitalist,Late Stage Capitalist,"Earn 5,000,000 lifetime MuskBucks through betting",participation,uncommon,5000000,,t,t,f,f,501,"{""progress"": {""kind"": ""binary"", ""incrementIf"": {""balance >="": 100000}}, ""eventKeys"": [""user:balance:snapshot""], ""unlockWhen"": {""progress >="": 1}}",0,0,,2025-08-15 02:39:57.648,2025-09-06 07:12:11.861
28,Early Adopter,early-adopter,Early Adopter,Joined within the first 30 days of launch,participation,uncommon,1,,t,t,f,f,502,"{""progress"": {""kind"": ""binary"", ""incrementIf"": {""registeredBefore"": ""2024-01-01""}}, ""eventKeys"": [""user:created""], ""unlockWhen"": {""progress >="": 1}}",0,0,,2025-08-15 02:39:57.649,2025-09-06 07:12:11.86
29,Conspiracy Theorist,conspiracy-theorist,Conspiracy Theorist,Participate in 50+ different predictions,participation,uncommon,50,,t,t,f,f,503,"{""progress"": {""kind"": ""count"", ""incrementIf"": {""category"": ""conspiracy""}}, ""eventKeys"": [""prediction:created""], ""unlockWhen"": {""progress >="": 10}}",0,0,,2025-08-15 02:39:57.649,2025-09-06 07:12:11.858
30,Ultimate Degenerate,ultimate-degenerate,Ultimate Degenerate,Place 500+ bets in your lifetime,participation,uncommon,500,,t,t,f,f,504,"{""progress"": {""kind"": ""binary"", ""incrementIf"": {""and"": [{""totalBets >="": 1000}, {""totalWagered >="": 5000000}]}}, ""eventKeys"": [""user:balance:snapshot""], ""unlockWhen"": {""progress >="": 1}}",0,0,,2025-08-15 02:39:57.65,2025-09-06 07:12:11.864
31,Bug Hunter,bug-hunter,Bug Hunter,Report a bug that gets fixed by the development team,participation,uncommon,1,,t,f,t,f,505,"{""progress"": {""kind"": ""count"", ""incrementIf"": {""action"": ""bug_report_confirmed""}}, ""eventKeys"": [""admin:action""], ""unlockWhen"": {""progress >="": 1}}",0,0,,2025-08-15 02:39:57.65,2025-09-06 07:12:11.855
36,Cult Leader,cult-leader,Cult Leader,Build an impressive following through charismatic predictions,secret,secret,1,,t,f,t,f,700,"{""progress"": {""kind"": ""binary"", ""incrementIf"": {""followerCount >="": 1000}}, ""eventKeys"": [""user:followers:update""], ""unlockWhen"": {""progress >="": 1}}",0,0,,2025-08-15 02:39:57.653,2025-09-06 07:08:18.109
37,Banhammer Survivor,banhammer-survivor,Banhammer Survivor,Return from a temporary ban stronger than ever,secret,secret,1,,t,f,t,f,701,"{""progress"": {""kind"": ""count"", ""incrementIf"": {""action"": ""unban""}}, ""eventKeys"": [""user:moderation:action""], ""unlockWhen"": {""progress >="": 1}}",0,0,,2025-08-15 02:39:57.654,2025-09-06 07:08:18.116
38,True Visionary,true-visionary,True Visionary,Demonstrate exceptional foresight in multiple predictions,secret,secret,1,,t,f,t,f,702,"{""progress"": {""kind"": ""binary"", ""incrementIf"": {""and"": [{""outcome"": ""correct""}, {""odds >="": 100}, {""isVisionaryPrediction"": true}]}}, ""eventKeys"": [""prediction:resolved""], ""unlockWhen"": {""progress >="": 1}}",0,0,,2025-08-15 02:39:57.654,2025-09-06 07:08:18.115
39,Rocket Man,rocket-man,Rocket Man,Show deep understanding of SpaceX and space technology,secret,secret,1,,t,f,t,f,703,"{""progress"": {""kind"": ""binary"", ""incrementIf"": {""action"": ""spacex_achievement""}}, ""eventKeys"": [""admin:action""], ""unlockWhen"": {""progress >="": 1}}",0,0,,2025-08-15 02:39:57.655,2025-09-06 07:08:18.114
40,Dumpster Fire Aficionado,dumpster-fire-aficionado,Dumpster Fire Aficionado,Master of predicting spectacular corporate failures,secret,secret,1,,t,f,t,f,704,"{""progress"": {""kind"": ""binary"", ""incrementIf"": {""and"": [{""netProfit <="": -1000000}, {""totalBets >="": 100}]}}, ""eventKeys"": [""user:balance:snapshot""], ""unlockWhen"": {""progress >="": 1}}",0,0,,2025-08-15 02:39:57.656,2025-09-06 07:08:18.111
41,Perma-banned Legend,perma-banned-legend,Perma-banned Legend,Received a permanent ban from the platform,shame,shame,1,,t,t,f,t,800,"{""progress"": {""kind"": ""binary"", ""incrementIf"": {""and"": [{""action"": ""ban""}, {""isPermanent"": true}]}}, ""eventKeys"": [""user:moderation:action""], ""unlockWhen"": {""progress >="": 1}}",0,0,,2025-08-15 02:39:57.656,2025-09-06 07:08:18.117
42,One Week Timeout,one-week-timeout,One Week Timeout,Served a 7-day temporary ban,shame,shame,7,,t,t,f,t,801,"{""progress"": {""kind"": ""binary"", ""incrementIf"": {""and"": [{""action"": ""ban""}, {""duration >="": 7}]}}, ""eventKeys"": [""user:moderation:action""], ""unlockWhen"": {""progress >="": 1}}",0,0,,2025-08-15 02:39:57.657,2025-09-06 07:08:18.117
43,Community Menace,community-menace,Community Menace,Banned 3 or more times for disruptive behavior,shame,shame,3,,t,t,f,t,802,"{""progress"": {""kind"": ""count"", ""incrementIf"": {""action"": ""warning""}}, ""eventKeys"": [""user:moderation:action""], ""unlockWhen"": {""progress >="": 5}}",0,0,,2025-08-15 02:39:57.657,2025-09-06 07:08:18.116
44,Scammer of MuskBucks,scammer-of-muskbucks,Scammer of MuskBucks,Attempted to exploit the MuskBucks system,shame,shame,1,,t,f,t,t,803,"{""progress"": {""kind"": ""binary"", ""incrementIf"": {""action"": ""scammer_flagged""}}, ""eventKeys"": [""admin:action""], ""unlockWhen"": {""progress >="": 1}}",0,0,,2025-08-15 02:39:57.658,2025-09-06 07:08:18.118
48,Defies Probability,defies-probability,Defies Probability,Win a bet placed at implied odds <5%,betting,legendary,5,,t,t,f,f,107,"{""progress"": {""kind"": ""binary"", ""incrementIf"": {""odds >="": 20}}, ""eventKeys"": [""bet:won"", ""parlay:won""], ""unlockWhen"": {""progress >="": 1}}",0,0,,2025-08-16 00:31:15.226,2025-09-06 03:03:40.285
49,Statistical Anomaly,statistical-anomaly,Statistical Anomaly,Win a bet placed at implied odds <1%,betting,legendary,1,,t,t,f,f,108,"{""progress"": {""kind"": ""binary"", ""incrementIf"": {""odds >="": 100}}, ""eventKeys"": [""bet:won"", ""parlay:won""], ""unlockWhen"": {""progress >="": 1}}",0,0,,2025-08-16 00:31:15.229,2025-09-06 03:03:40.298
52,First Bet,first-bet,First Bet,Place your first bet,betting,common,1,,t,t,f,f,111,"{""progress"": {""kind"": ""count"", ""incrementIf"": {}}, ""eventKeys"": [""bet:placed""], ""unlockWhen"": {""progress >="": 1}}",0,0,,2025-08-16 00:31:15.23,2025-08-16 00:31:15.23
54,Losing Spiral,losing-spiral,Losing Spiral,Lose 10 bets in a row,betting,rare,10,,t,t,f,f,113,"{""progress"": {""kind"": ""streak"", ""resetIf"": {""won"": true}, ""incrementIf"": {""won"": false}}, ""eventKeys"": [""bet:won"", ""bet:lost"", ""parlay:won"", ""parlay:lost""], ""unlockWhen"": {""progress >="": 15}}",0,0,,2025-08-16 00:31:15.232,2025-09-06 03:03:40.289
55,Billionaire on Paper,billionaire-on-paper,Billionaire on Paper,"Reach ≥1,000,000,000 MuskBucks lifetime net profit",betting,legendary,1000000000,,t,t,f,f,114,"{""progress"": {""kind"": ""threshold"", ""setIf"": {""netProfit"": ""$.netProfit""}}, ""eventKeys"": [""user:balance:snapshot""], ""unlockWhen"": {""progress >="": 1000000000}}",0,0,,2025-08-16 00:31:15.232,2025-09-06 03:03:40.281
56,Burnt a Billion,burnt-a-billion,Burnt a Billion,"Accumulate ≥1,000,000,000 MuskBucks in total losses",betting,legendary,1000000000,,t,t,f,f,115,"{""progress"": {""kind"": ""binary"", ""incrementIf"": {""totalLost >="": 1000000000}}, ""eventKeys"": [""user:balance:snapshot""], ""unlockWhen"": {""progress >="": 1}}",0,0,,2025-08-16 00:31:15.233,2025-09-06 03:03:40.282
57,Parlay Architect,parlay-architect,Parlay Architect,Win a parlay with 5 or more legs,betting,rare,5,,t,t,f,f,116,"{""progress"": {""kind"": ""count"", ""incrementIf"": {""legCount >="": 5}}, ""eventKeys"": [""parlay:won""], ""unlockWhen"": {""progress >="": 1}}",0,0,,2025-08-16 00:31:15.233,2025-09-06 03:03:40.294
58,Galaxy Brain Parlay,galaxy-brain-parlay,Galaxy Brain Parlay,Win a parlay with 7 or more legs,betting,legendary,7,,t,t,f,f,117,"{""progress"": {""kind"": ""binary"", ""incrementIf"": {""legCount >="": 5}}, ""eventKeys"": [""parlay:won""], ""unlockWhen"": {""progress >="": 1}}",0,0,,2025-08-16 00:31:15.233,2025-09-06 03:03:40.288
59,Grinder 500,grinder-500,Grinder 500,Place 500 bets,betting,rare,500,,t,t,f,f,118,"{""progress"": {""kind"": ""count"", ""incrementIf"": {}}, ""eventKeys"": [""bet:placed""], ""unlockWhen"": {""progress >="": 500}}",0,0,,2025-08-16 00:31:15.234,2025-09-06 03:03:40.289
60,Hot Hand,hot-hand,Hot Hand,Win 5 bets in a row,betting,uncommon,5,,t,t,f,f,119,"{""progress"": {""kind"": ""streak"", ""resetIf"": {""won"": false}, ""incrementIf"": {""won"": true}}, ""eventKeys"": [""bet:won"", ""bet:lost"", ""parlay:won"", ""parlay:lost""], ""unlockWhen"": {""progress >="": 5}}",0,0,,2025-08-16 00:31:15.234,2025-08-16 00:31:15.234
62,Podium Finisher,podium-finisher,Podium Finisher,Finish in the weekly top 3,leaderboard,rare,3,,t,t,f,f,203,"{""progress"": {""kind"": ""binary"", ""incrementIf"": {""rank <="": 3}}, ""eventKeys"": [""leaderboard:rank:update""], ""unlockWhen"": {""progress >="": 1}}",0,0,,2025-08-16 00:31:15.235,2025-09-06 03:03:40.305
63,On the Board,on-the-board,On the Board,Finish in the weekly top 10,leaderboard,rare,10,,t,t,f,f,204,"{""progress"": {""kind"": ""binary"", ""incrementIf"": {""rank <="": 100}}, ""eventKeys"": [""leaderboard:rank:update""], ""unlockWhen"": {""progress >="": 1}}",0,0,,2025-08-16 00:31:15.235,2025-09-06 03:03:40.304
66,Comeback Kid,comeback-kid,Comeback Kid,Climb from bottom half midweek to a top-3 weekly finish,leaderboard,rare,1,,t,t,f,f,207,"{""progress"": {""kind"": ""binary"", ""incrementIf"": {""and"": [{""previousRank >="": 25}, {""rank <="": 5}, {""isImprovement"": true}]}}, ""eventKeys"": [""leaderboard:rank:update""], ""unlockWhen"": {""progress >="": 1}}",0,0,,2025-08-16 00:31:15.237,2025-09-06 07:05:15.248
69,Volume Leader,volume-leader,Volume Leader,Place the most bets this week,leaderboard,rare,1,,t,t,f,f,210,"{""progress"": {""kind"": ""binary"", ""incrementIf"": {""and"": [{""rank <="": 10}, {""totalBets >="": 1000}]}}, ""eventKeys"": [""leaderboard:rank:update""], ""unlockWhen"": {""progress >="": 1}}",0,0,,2025-08-16 00:31:15.238,2025-09-06 07:05:15.252
70,Parlay King,parlay-king,Parlay King,Record the highest parlay payout of the week,leaderboard,rare,1,,t,t,f,f,211,"{""progress"": {""kind"": ""binary"", ""incrementIf"": {""and"": [{""rank <="": 5}, {""totalBets >="": 100}]}}, ""eventKeys"": [""leaderboard:rank:update""], ""unlockWhen"": {""progress >="": 1}}",0,0,,2025-08-16 00:31:15.238,2025-09-06 07:05:15.251
76,Crowd Favorite,crowd-favorite,Crowd Favorite,Your prediction receives ≥20 bets,prediction,common,20,,t,t,f,f,305,"{""progress"": {""kind"": ""binary"", ""incrementIf"": {""totalBetsOnPrediction >="": 20}}, ""eventKeys"": [""bet:placed""], ""unlockWhen"": {""progress >="": 1}}",0,0,,2025-08-16 00:31:15.24,2025-09-06 07:00:55.673
77,Media Magnet,media-magnet,Media Magnet,Your prediction receives ≥500 bets,prediction,legendary,500,,t,t,f,f,306,"{""progress"": {""kind"": ""count"", ""incrementIf"": {}}, ""eventKeys"": [""bet:placed""], ""unlockWhen"": {""progress >="": 500}}",0,0,,2025-08-16 00:31:15.241,2025-09-06 07:00:55.674
78,Fast and Right,fast-and-right,Fast and Right,Your prediction resolves correctly within 2 hours of approval,prediction,legendary,2,,t,t,f,f,307,"{""progress"": {""kind"": ""binary"", ""incrementIf"": {""and"": [{""outcome"": ""correct""}, {""resolutionTimeHours <="": 24}]}}, ""eventKeys"": [""prediction:resolved""], ""unlockWhen"": {""progress >="": 1}}",0,0,,2025-08-16 00:31:15.241,2025-09-06 07:00:55.672
79,Typing Titan,typing-titan,Typing Titan,"Send 5,000 messages in global chat",chat,rare,5000,,t,t,f,f,401,"{""counters"": [""chatMessages""], ""progress"": {""kind"": ""count"", ""incrementIf"": {}}, ""eventKeys"": [""chat:message:sent""], ""unlockWhen"": {""counter >="": {""key"": ""chatMessages"", ""value"": 5000}}}",0,0,,2025-08-16 00:31:15.241,2025-09-06 10:16:04.95
80,Chat Fiend,chat-fiend,Chat Fiend,"Send 10,000 messages in global chat",chat,legendary,10000,,t,t,f,f,402,"{""progress"": {""kind"": ""count"", ""incrementIf"": {}}, ""eventKeys"": [""chat:message:sent""], ""unlockWhen"": {""progress >="": 10000}}",0,0,,2025-08-16 00:31:15.242,2025-09-06 10:16:04.951
86,Upvote Magnet,upvote-magnet,Upvote Magnet,Get 100+ upvotes on any single post,chat,rare,100,,t,t,f,f,415,"{""progress"": {""kind"": ""count"", ""incrementIf"": {}}, ""eventKeys"": [""post:reaction""], ""unlockWhen"": {""progress >="": 100}}",0,0,,2025-08-16 00:31:15.243,2025-09-06 07:00:55.667
87,Viral Sensation,viral-sensation,Viral Sensation,Get 250+ upvotes on any single post,chat,legendary,250,,t,t,f,f,416,"{""progress"": {""kind"": ""count"", ""incrementIf"": {}}, ""eventKeys"": [""post:reaction""], ""unlockWhen"": {""progress >="": 250}}",0,0,,2025-08-16 00:31:15.244,2025-09-06 07:00:55.667
88,Commentator,commentator,Commentator,Write 250 comments across profile posts,chat,uncommon,250,,t,t,f,f,417,"{""progress"": {""kind"": ""count"", ""incrementIf"": {}}, ""eventKeys"": [""comment:created""], ""unlockWhen"": {""progress >="": 250}}",0,0,,2025-08-16 00:31:15.244,2025-09-06 07:00:55.659
89,Thread Starter,thread-starter,Thread Starter,Create 50 profile posts,chat,uncommon,50,,t,t,f,f,418,"{""progress"": {""kind"": ""count"", ""incrementIf"": {}}, ""eventKeys"": [""chat:message:sent""], ""unlockWhen"": {""progress >="": 25}}",0,0,,2025-08-16 00:31:15.244,2025-09-06 07:00:55.665
98,Profile Complete,profile-complete,Profile Complete,Set an avatar and display name,participation,common,1,,t,t,f,f,552,"{""progress"": {""kind"": ""binary"", ""incrementIf"": {""profileComplete"": true}}, ""eventKeys"": [""user:profile:updated""], ""unlockWhen"": {""progress >="": 1}}",0,0,,2025-08-16 00:31:15.248,2025-09-06 07:12:11.862
102,Daily Visit Streak,daily-visit-streak,Daily Visit Streak,Log in 7 days in a row,participation,common,7,,t,t,f,f,556,"{""progress"": {""kind"": ""streak"", ""resetIf"": {""visitedToday"": false}, ""incrementIf"": {""visitedToday"": true}}, ""eventKeys"": [""user:visit:daily""], ""unlockWhen"": {""progress >="": 30}}",0,0,,2025-08-16 00:31:15.25,2025-09-06 07:12:11.859
103,Chaos Newsletter,chaos-newsletter,Chaos Newsletter,Subscribe to the site's newsletter,participation,common,1,,t,t,f,f,557,"{""progress"": {""kind"": ""binary"", ""incrementIf"": {""action"": ""subscribed""}}, ""eventKeys"": [""user:newsletter:action""], ""unlockWhen"": {""progress >="": 1}}",0,0,,2025-08-16 00:31:15.25,2025-09-06 07:12:11.856
108,Site Legend,site-legend,Site Legend,Manual award for legendary contributions to the community,secret,secret,1,,t,f,t,f,705,"{""progress"": {""kind"": ""binary"", ""incrementIf"": {""action"": ""legend_status""}}, ""eventKeys"": [""admin:action""], ""unlockWhen"": {""progress >="": 1}}",0,0,,2025-08-16 00:31:15.252,2025-09-06 07:08:18.114
154,First Timer,first-timer,First Timer,Place your very first bet,betting,common,1,,t,t,f,f,109,"{""progress"": {""kind"": ""count"", ""incrementIf"": {}}, ""eventKeys"": [""bet:placed""], ""unlockWhen"": {""progress >="": 1}}",0,0,,2025-08-23 02:26:08.137,2025-09-06 03:03:40.287
155,Betting Machine,betting-machine,Betting Machine,Place 100 total bets,betting,uncommon,100,,t,t,f,f,110,"{""progress"": {""kind"": ""count"", ""incrementIf"": {}}, ""eventKeys"": [""bet:placed""], ""unlockWhen"": {""progress >="": 100}}",0,0,,2025-08-23 02:26:08.137,2025-09-06 03:03:40.28
156,Whale Bettor,whale-bettor,Whale Bettor,"Place a bet worth 500,000+ MuskBucks",betting,legendary,500000,,t,t,f,f,111,"{""progress"": {""kind"": ""binary"", ""incrementIf"": {""amount >="": 500000}}, ""eventKeys"": [""bet:placed""], ""unlockWhen"": {""progress >="": 1}}",0,0,,2025-08-23 02:26:08.138,2025-09-06 03:03:40.3
157,Comeback King,comeback-king,Comeback King,Win after being down 90% of your bankroll,betting,rare,1,,t,t,f,f,112,"{""progress"": {""kind"": ""binary"", ""incrementIf"": {""and"": [{""balanceRatio <="": 0.1}, {""changeAmount >"": 0}, {""changeReason"": ""bet_won""}]}}, ""eventKeys"": [""user:balance:snapshot""], ""unlockWhen"": {""progress >="": 1}}",0,0,,2025-08-23 02:26:08.138,2025-09-06 03:03:40.283
158,Diversified Gambler,diversified-gambler,Diversified Gambler,Place bets in 10 different prediction categories,betting,uncommon,10,,t,t,f,f,113,"{""progress"": {""kind"": ""count"", ""counters"": [""uniqueCategories""], ""incrementIf"": {}}, ""eventKeys"": [""bet:placed""], ""unlockWhen"": {""counters.uniqueCategories >="": 10}}",0,0,,2025-08-23 02:26:08.138,2025-09-06 03:03:40.286
159,Speed Demon,speed-demon,Speed Demon,Place 10 bets in under 5 minutes,betting,uncommon,10,,t,t,f,f,114,"{""progress"": {""kind"": ""binary"", ""incrementIf"": {""fastBetting"": true}}, ""eventKeys"": [""bet:placed""], ""unlockWhen"": {""progress >="": 1}}",0,0,,2025-08-23 02:26:08.139,2025-09-06 03:03:40.298
160,Parlay Master,parlay-master,Parlay Master,Win 5 separate 4+ leg parlays,betting,legendary,5,,t,t,f,f,115,"{""progress"": {""kind"": ""count"", ""incrementIf"": {""legCount >="": 4}}, ""eventKeys"": [""parlay:won""], ""unlockWhen"": {""progress >="": 5}}",0,0,,2025-08-23 02:26:08.139,2025-09-06 03:03:40.295
161,Lucky Seven,lucky-seven,Lucky Seven,Win 7 bets in a row,betting,uncommon,7,,t,t,f,f,116,"{""progress"": {""kind"": ""streak"", ""resetIf"": {""won"": false}, ""incrementIf"": {""won"": true}}, ""eventKeys"": [""bet:won"", ""bet:lost"", ""parlay:won"", ""parlay:lost""], ""unlockWhen"": {""progress >="": 7}}",0,0,,2025-08-23 02:26:08.139,2025-09-06 03:03:40.29
162,Weekend Warrior,weekend-warrior,Weekend Warrior,Finish in top 3 on weekend leaderboard,leaderboard,uncommon,3,,t,t,f,f,205,"{""progress"": {""kind"": ""count"", ""incrementIf"": {""rank <="": 25}}, ""eventKeys"": [""leaderboard:rank:update""], ""unlockWhen"": {""progress >="": 5}}",0,0,,2025-08-23 02:26:08.14,2025-09-06 07:05:15.253
163,Monthly Champion,monthly-champion,Monthly Champion,Finish #1 on monthly leaderboard,leaderboard,legendary,1,,t,t,f,f,206,"{""progress"": {""kind"": ""binary"", ""incrementIf"": {""isFirst"": true}}, ""eventKeys"": [""leaderboard:rank:update""], ""unlockWhen"": {""progress >="": 1}}",0,0,,2025-08-23 02:26:08.14,2025-09-06 07:05:15.25
164,Comeback Artist,comeback-artist,Comeback Artist,Rise from bottom 10% to top 10% in a week,leaderboard,rare,1,,t,t,f,f,207,"{""progress"": {""kind"": ""binary"", ""incrementIf"": {""and"": [{""previousRank >="": 50}, {""rank <="": 10}, {""isImprovement"": true}]}}, ""eventKeys"": [""leaderboard:rank:update""], ""unlockWhen"": {""progress >="": 1}}",0,0,,2025-08-23 02:26:08.14,2025-09-06 07:05:15.247
165,Consistency King,consistency-king,Consistency King,Stay in top 10 for 30 consecutive days,leaderboard,legendary,30,,t,t,f,f,208,"{""progress"": {""kind"": ""count"", ""incrementIf"": {""and"": [{""rank <="": 20}, {""winRate >="": 0.6}]}}, ""eventKeys"": [""leaderboard:rank:update""], ""unlockWhen"": {""progress >="": 10}}",0,0,,2025-08-23 02:26:08.141,2025-09-06 07:05:15.248
166,Prediction Pioneer,prediction-pioneer,Prediction Pioneer,Create your first prediction,prediction,common,1,,t,t,f,f,305,"{""progress"": {""kind"": ""count"", ""incrementIf"": {}}, ""eventKeys"": [""prediction:created""], ""unlockWhen"": {""progress >="": 1}}",0,0,,2025-08-23 02:26:08.141,2025-09-06 03:03:40.303
167,Prediction Factory,prediction-factory,Prediction Factory,Create 50 predictions,prediction,rare,50,,t,t,f,f,306,"{""progress"": {""kind"": ""count"", ""incrementIf"": {}}, ""eventKeys"": [""prediction:created""], ""unlockWhen"": {""progress >="": 50}}",0,0,,2025-08-23 02:26:08.142,2025-09-06 07:00:55.668
168,Viral Predictor,viral-predictor,Viral Predictor,Create a prediction with 500+ bets,prediction,legendary,500,,t,t,f,f,307,"{""progress"": {""kind"": ""count"", ""incrementIf"": {}}, ""eventKeys"": [""prediction:bet:placed""], ""unlockWhen"": {""progress >="": 500}}",0,0,,2025-08-23 02:26:08.142,2025-09-06 07:00:55.674
169,Crystal Ball,crystal-ball,Crystal Ball,Have 80%+ accuracy on your created predictions,prediction,legendary,80,,t,t,f,f,308,"{""progress"": {""kind"": ""count"", ""incrementIf"": {""outcome"": ""correct""}}, ""eventKeys"": [""prediction:resolved""], ""unlockWhen"": {""progress >="": 10}}",0,0,,2025-08-23 02:26:08.142,2025-09-06 07:00:55.67
170,First Words,first-words,First Words,Send your first chat message,chat,common,1,,t,t,f,f,406,"{""progress"": {""kind"": ""count"", ""incrementIf"": {}}, ""eventKeys"": [""chat:message:sent""], ""unlockWhen"": {""progress >="": 1}}",0,0,,2025-08-23 02:26:08.142,2025-09-06 10:16:04.942
171,Chatterbox,chatterbox,Chatterbox,Send 100 messages in a single day,chat,uncommon,100,,t,t,f,f,407,"{""progress"": {""kind"": ""count"", ""incrementIf"": {}}, ""eventKeys"": [""chat:message:sent""], ""unlockWhen"": {""progress >="": 10}}",0,0,,2025-08-23 02:26:08.143,2025-09-06 07:00:55.655
172,Ghost of Chat,ghost-of-chat,Ghost of Chat,Send a message after being inactive in chat for 30+ days,chat,uncommon,30,,t,f,f,f,408,"{""progress"": {""kind"": ""binary"", ""incrementIf"": {}}, ""eventKeys"": [""chat:message:sent""], ""unlockWhen"": {""progress >="": 1}}",0,0,,2025-08-23 02:26:08.143,2025-09-06 07:00:55.664
173,Debate Champion,debate-champion,Debate Champion,Participate in a heated discussion with 20+ back-and-forth messages,chat,uncommon,20,,t,t,f,f,409,"{""progress"": {""kind"": ""count"", ""incrementIf"": {}}, ""eventKeys"": [""chat:message:sent""], ""unlockWhen"": {""progress >="": 100}}",0,0,,2025-08-23 02:26:08.143,2025-09-06 07:00:55.661
174,Emoji Master,emoji-master,Emoji Master,Use 50+ different emojis in your messages,chat,uncommon,50,,t,t,f,f,410,"{""progress"": {""kind"": ""count"", ""incrementIf"": {}}, ""eventKeys"": [""emoji:used""], ""unlockWhen"": {""progress >="": 50}}",0,0,,2025-08-23 02:26:08.144,2025-09-06 07:00:55.662
175,Daily Visitor,daily-visitor,Daily Visitor,Log in every day for 7 consecutive days,participation,common,7,,t,t,f,f,506,"{""progress"": {""kind"": ""count"", ""incrementIf"": {""visitedToday"": true}}, ""eventKeys"": [""user:visit:daily""], ""unlockWhen"": {""progress >="": 7}}",0,0,,2025-08-23 02:26:08.144,2025-09-06 07:12:11.859
176,Weekly Regular,weekly-regular,Weekly Regular,Log in every day for 30 consecutive days,participation,uncommon,30,,t,t,f,f,507,"{""progress"": {""kind"": ""count"", ""incrementIf"": {""activeThisWeek"": true}}, ""eventKeys"": [""user:visit:weekly""], ""unlockWhen"": {""progress >="": 12}}",0,0,,2025-08-23 02:26:08.144,2025-09-06 07:12:11.864
177,Profile Perfectionist,profile-perfectionist,Profile Perfectionist,"Complete your profile with bio, location, and avatar",participation,common,1,,t,t,f,f,508,"{""progress"": {""kind"": ""count"", ""incrementIf"": {}}, ""eventKeys"": [""user:profile:updated""], ""unlockWhen"": {""progress >="": 10}}",0,0,,2025-08-23 02:26:08.145,2025-09-06 07:12:11.862
178,Social Butterfly,social-butterfly,Social Butterfly,Follow 25 other users,participation,uncommon,25,,t,t,f,f,509,"{""progress"": {""kind"": ""count"", ""incrementIf"": {}}, ""eventKeys"": [""user:social:action""], ""unlockWhen"": {""progress >="": 100}}",0,0,,2025-08-23 02:26:08.145,2025-09-06 07:12:11.863
179,Influence Peddler,influence-peddler,Influence Peddler,Have 100+ users follow you,participation,rare,100,,t,t,f,f,510,"{""progress"": {""kind"": ""binary"", ""incrementIf"": {""followerCount >="": 50}}, ""eventKeys"": [""user:followers:update""], ""unlockWhen"": {""progress >="": 1}}",0,0,,2025-08-23 02:26:08.145,2025-09-06 07:12:11.861
184,Meme Legend,meme-legend,Meme Legend,Create content that becomes a community inside joke,secret,secret,1,,t,f,t,f,705,"{""progress"": {""kind"": ""count"", ""incrementIf"": {}}, ""eventKeys"": [""chat:message:sent""], ""unlockWhen"": {""progress >="": 1}}",0,0,,2025-08-23 02:26:08.147,2025-09-06 07:08:18.113
185,Easter Egg Hunter,easter-egg-hunter,Easter Egg Hunter,Discover a hidden feature in the platform,secret,secret,1,,t,f,t,f,706,"{""progress"": {""kind"": ""binary"", ""incrementIf"": {""action"": ""easter_egg_found""}}, ""eventKeys"": [""admin:action""], ""unlockWhen"": {""progress >="": 1}}",0,0,,2025-08-23 02:26:08.147,2025-09-06 07:08:18.112
186,Dev Whisperer,dev-whisperer,Dev Whisperer,Successfully suggest a feature that gets implemented,secret,secret,1,,t,f,t,f,707,"{""progress"": {""kind"": ""binary"", ""incrementIf"": {""action"": ""dev_interaction""}}, ""eventKeys"": [""admin:action""], ""unlockWhen"": {""progress >="": 1}}",0,0,,2025-08-23 02:26:08.148,2025-09-06 07:08:18.11
187,First Blood,pong-first-blood,First Blood,Win your first Pong match.,pong,common,1,,t,t,f,f,401,"{""progress"": {""kind"": ""count"", ""incrementIf"": {""winnerId"": ""$.userId""}}, ""eventKeys"": [""pong:match:completed""], ""unlockWhen"": {""progress >="": 1}}",0,0,,2025-08-23 02:26:08.148,2025-08-31 23:55:14.555
188,Table Regular,pong-10-wins,Table Regular,Win 10 Pong matches.,pong,common,10,,t,t,f,f,402,"{""progress"": {""kind"": ""count"", ""incrementIf"": {""winnerId"": ""$.userId""}}, ""eventKeys"": [""pong:match:completed""], ""unlockWhen"": {""progress >="": 10}}",0,0,,2025-08-23 02:26:08.148,2025-08-31 23:55:14.571
189,Spin Doctor,pong-50-wins,Spin Doctor,Win 50 Pong matches.,pong,rare,50,,t,t,f,f,403,"{""progress"": {""kind"": ""count"", ""incrementIf"": {""winnerId"": ""$.userId""}}, ""eventKeys"": [""pong:match:completed""], ""unlockWhen"": {""progress >="": 50}}",0,0,,2025-08-23 02:26:08.149,2025-08-31 23:55:14.572
190,Arcade Royalty,pong-100-wins,Arcade Royalty,Win 100 Pong matches.,pong,legendary,100,,t,t,f,f,404,"{""progress"": {""kind"": ""count"", ""incrementIf"": {""winnerId"": ""$.userId""}}, ""eventKeys"": [""pong:match:completed""], ""unlockWhen"": {""progress >="": 100}}",0,0,,2025-08-23 02:26:08.149,2025-08-31 23:55:14.572
191,Grinder,pong-100-matches,Grinder,Play 100 Pong matches.,pong,common,100,,t,t,f,f,410,"{""progress"": {""kind"": ""count"", ""incrementIf"": {}}, ""eventKeys"": [""pong:match:completed"", ""pong:match:lost""], ""unlockWhen"": {""progress >="": 100}}",0,0,,2025-08-23 02:26:08.149,2025-08-31 23:55:14.573
192,Marathoner,pong-500-matches,Marathoner,Play 500 Pong matches.,pong,rare,500,,t,t,f,f,411,"{""progress"": {""kind"": ""count"", ""incrementIf"": {}}, ""eventKeys"": [""pong:match:completed"", ""pong:match:lost""], ""unlockWhen"": {""progress >="": 500}}",0,0,,2025-08-23 02:26:08.15,2025-08-31 23:55:14.573
193,Endless Rally,pong-1000-matches,Endless Rally,Play 1000 Pong matches.,pong,legendary,1000,,t,t,f,f,412,"{""progress"": {""kind"": ""count"", ""incrementIf"": {}}, ""eventKeys"": [""pong:match:completed"", ""pong:match:lost""], ""unlockWhen"": {""progress >="": 1000}}",0,0,,2025-08-23 02:26:08.15,2025-08-31 23:55:14.574
194,Hot Hands I,pong-streak-3,Hot Hands I,Win 3 matches in a row.,pong,common,3,,t,t,f,f,420,"{""progress"": {""kind"": ""streak"", ""resetIf"": {""loserId"": ""$.userId""}, ""incrementIf"": {""winnerId"": ""$.userId""}}, ""eventKeys"": [""pong:match:completed"", ""pong:match:lost""], ""unlockWhen"": {""progress >="": 3}}",0,0,,2025-08-23 02:26:08.15,2025-08-31 23:55:14.574
195,Hot Hands II,pong-streak-5,Hot Hands II,Win 5 matches in a row.,pong,rare,5,,t,t,f,f,421,"{""progress"": {""kind"": ""streak"", ""resetIf"": {""loserId"": ""$.userId""}, ""incrementIf"": {""winnerId"": ""$.userId""}}, ""eventKeys"": [""pong:match:completed"", ""pong:match:lost""], ""unlockWhen"": {""progress >="": 5}}",0,0,,2025-08-23 02:26:08.15,2025-08-31 23:55:14.575
196,Inferno,pong-streak-10,Inferno,Win 10 matches in a row.,pong,legendary,10,,t,t,f,f,422,"{""progress"": {""kind"": ""streak"", ""resetIf"": {""loserId"": ""$.userId""}, ""incrementIf"": {""winnerId"": ""$.userId""}}, ""eventKeys"": [""pong:match:completed"", ""pong:match:lost""], ""unlockWhen"": {""progress >="": 10}}",0,0,,2025-08-23 02:26:08.151,2025-08-31 23:55:14.575
197,Unstoppable,pong-streak-20,Unstoppable,Win 20 matches in a row.,pong,legendary,20,,t,t,f,f,423,"{""progress"": {""kind"": ""streak"", ""resetIf"": {""loserId"": ""$.userId""}, ""incrementIf"": {""winnerId"": ""$.userId""}}, ""eventKeys"": [""pong:match:completed"", ""pong:match:lost""], ""unlockWhen"": {""progress >="": 20}}",0,0,,2025-08-23 02:26:08.151,2025-08-31 23:55:14.576
198,Perfect Game,pong-perfect-11-0,Perfect Game,Win 5–0.,pong,legendary,1,"",t,t,f,f,430,"{""progress"": {""kind"": ""binary"", ""incrementIf"": {""winnerId"": ""$.userId"", ""loserScore"": 0, ""winnerScore"": 5}}, ""eventKeys"": [""pong:match:completed""], ""unlockWhen"": {""progress >="": 1}}",0,0,,2025-08-23 02:26:08.151,2025-09-06 22:35:38.287
289,Pong Comeback King,pong-comeback-king,Pong Comeback King,Win a close match (5-4 comeback).,pong,legendary,1,,t,t,f,f,431,"{""progress"": {""kind"": ""binary"", ""incrementIf"": {""comeback"": true, ""winnerId"": ""$.userId""}}, ""eventKeys"": [""pong:match:completed""], ""unlockWhen"": {""progress >="": 1}}",0,0,,2025-08-23 02:27:38.631,2025-08-31 23:55:14.577
290,Wall Builder,pong-wall-builder,Wall Builder,Hold opponent to ≤2 points.,pong,rare,1,,t,t,f,f,432,"{""progress"": {""kind"": ""binary"", ""incrementIf"": {""winnerId"": ""$.userId"", ""defensiveWin"": true}}, ""eventKeys"": [""pong:match:completed""], ""unlockWhen"": {""progress >="": 1}}",0,0,,2025-08-23 02:27:38.632,2025-08-31 23:55:14.577
291,Speedrunner,pong-speedrunner,Speedrunner,Win a match in under 60 seconds.,pong,rare,1,,t,t,f,f,433,"{""progress"": {""kind"": ""binary"", ""incrementIf"": {""winnerId"": ""$.userId"", ""duration <="": 60000}}, ""eventKeys"": [""pong:match:completed""], ""unlockWhen"": {""progress >="": 1}}",0,0,,2025-08-23 02:27:38.632,2025-08-31 23:55:14.578
292,Bot Breaker: Easy,pong-ai-easy,Bot Breaker: Easy,Beat Easy AI.,pong,common,1,,t,t,f,f,440,"{""progress"": {""kind"": ""binary"", ""incrementIf"": {""vsAI"": true, ""winnerId"": ""$.userId"", ""aiDifficulty"": ""EASY""}}, ""eventKeys"": [""pong:match:completed""], ""unlockWhen"": {""progress >="": 1}}",0,0,,2025-08-23 02:27:38.632,2025-08-31 23:55:14.578
293,Bot Breaker: Medium,pong-ai-medium,Bot Breaker: Medium,Beat Medium AI.,pong,common,1,,t,t,f,f,441,"{""progress"": {""kind"": ""binary"", ""incrementIf"": {""vsAI"": true, ""winnerId"": ""$.userId"", ""aiDifficulty"": ""MEDIUM""}}, ""eventKeys"": [""pong:match:completed""], ""unlockWhen"": {""progress >="": 1}}",0,0,,2025-08-23 02:27:38.633,2025-08-31 23:55:14.578
294,Bot Breaker: Hard,pong-ai-hard,Bot Breaker: Hard,Beat Hard AI.,pong,rare,1,,t,t,f,f,442,"{""progress"": {""kind"": ""binary"", ""incrementIf"": {""vsAI"": true, ""winnerId"": ""$.userId"", ""aiDifficulty"": ""HARD""}}, ""eventKeys"": [""pong:match:completed""], ""unlockWhen"": {""progress >="": 1}}",0,0,,2025-08-23 02:27:38.633,2025-08-31 23:55:14.579
295,Bot Breaker: Impossible,pong-ai-impossible,Bot Breaker: Impossible,Beat Impossible AI.,pong,legendary,1,,t,t,f,f,443,"{""progress"": {""kind"": ""binary"", ""incrementIf"": {""vsAI"": true, ""winnerId"": ""$.userId"", ""aiDifficulty"": ""IMPOSSIBLE""}}, ""eventKeys"": [""pong:match:completed""], ""unlockWhen"": {""progress >="": 1}}",0,0,,2025-08-23 02:27:38.634,2025-08-31 23:55:14.58
296,Pong High Stakes I,pong-highroller-1k,Pong High Stakes I,"Win with a wager ≥ 1,000.",pong,common,1,,t,t,f,f,450,"{""progress"": {""kind"": ""binary"", ""incrementIf"": {""wager >="": 1000, ""winnerId"": ""$.userId""}}, ""eventKeys"": [""pong:match:completed""], ""unlockWhen"": {""progress >="": 1}}",0,0,,2025-08-23 02:27:38.634,2025-08-31 23:55:14.58
297,Pong High Stakes II,pong-highroller-10k,Pong High Stakes II,"Win with a wager ≥ 10,000.",pong,rare,1,,t,t,f,f,451,"{""progress"": {""kind"": ""binary"", ""incrementIf"": {""wager >="": 10000, ""winnerId"": ""$.userId""}}, ""eventKeys"": [""pong:match:completed""], ""unlockWhen"": {""progress >="": 1}}",0,0,,2025-08-23 02:27:38.635,2025-08-31 23:55:14.581
298,Pong High Stakes III,pong-highroller-50k,Pong High Stakes III,"Win with a wager ≥ 50,000.",pong,legendary,1,,t,t,f,f,452,"{""progress"": {""kind"": ""binary"", ""incrementIf"": {""wager >="": 50000, ""winnerId"": ""$.userId""}}, ""eventKeys"": [""pong:match:completed""], ""unlockWhen"": {""progress >="": 1}}",0,0,,2025-08-23 02:27:38.635,2025-08-31 23:55:14.582
299,Pong High Stakes IV,pong-highroller-100k,Pong High Stakes IV,"Win with a wager ≥ 100,000.",pong,legendary,1,,t,t,f,f,453,"{""progress"": {""kind"": ""binary"", ""incrementIf"": {""wager >="": 100000, ""winnerId"": ""$.userId""}}, ""eventKeys"": [""pong:match:completed""], ""unlockWhen"": {""progress >="": 1}}",0,0,,2025-08-23 02:27:38.636,2025-08-31 23:55:14.582
300,Gold Threshold,pong-elo-1400,Gold Threshold,Reach Elo 1400.,pong,common,1400,,t,t,f,f,460,"{""progress"": {""kind"": ""binary"", ""incrementIf"": {""milestone"": 1400}}, ""eventKeys"": [""pong:elo:milestone""], ""unlockWhen"": {""progress >="": 1}}",0,0,,2025-08-23 02:27:38.636,2025-08-31 23:55:14.583
301,Platinum Threshold,pong-elo-1800,Platinum Threshold,Reach Elo 1800.,pong,rare,1800,,t,t,f,f,461,"{""progress"": {""kind"": ""binary"", ""incrementIf"": {""milestone"": 1800}}, ""eventKeys"": [""pong:elo:milestone""], ""unlockWhen"": {""progress >="": 1}}",0,0,,2025-08-23 02:27:38.636,2025-08-31 23:55:14.583
302,Diamond Threshold,pong-elo-2200,Diamond Threshold,Reach Elo 2200.,pong,legendary,2200,,t,t,f,f,462,"{""progress"": {""kind"": ""binary"", ""incrementIf"": {""milestone"": 2200}}, ""eventKeys"": [""pong:elo:milestone""], ""unlockWhen"": {""progress >="": 1}}",0,0,,2025-08-23 02:27:38.637,2025-08-31 23:55:14.584
303,Master Threshold,pong-elo-2600,Master Threshold,Reach Elo 2600.,pong,legendary,2600,,t,t,f,f,463,"{""progress"": {""kind"": ""binary"", ""incrementIf"": {""milestone"": 2600}}, ""eventKeys"": [""pong:elo:milestone""], ""unlockWhen"": {""progress >="": 1}}",0,0,,2025-08-23 02:27:38.637,2025-08-31 23:55:14.584
304,Grandmaster,pong-elo-3000,Grandmaster,Reach Elo 3000.,pong,legendary,3000,,t,t,f,f,464,"{""progress"": {""kind"": ""binary"", ""incrementIf"": {""milestone"": 3000}}, ""eventKeys"": [""pong:elo:milestone""], ""unlockWhen"": {""progress >="": 1}}",0,0,,2025-08-23 02:27:38.638,2025-08-31 23:55:14.585
305,Freeplay Enthusiast,pong-freeplay-enthusiast,Freeplay Enthusiast,Win 10 freeplay matches.,pong,common,10,,t,t,f,f,470,"{""progress"": {""kind"": ""count"", ""incrementIf"": {""wager"": 0, ""winnerId"": ""$.userId""}}, ""eventKeys"": [""pong:match:completed""], ""unlockWhen"": {""progress >="": 10}}",0,0,,2025-08-23 02:27:38.638,2025-08-31 23:55:14.585
306,Cable Pulled,pong-ragequit-shame,Cable Pulled,Forfeit 3 matches by disconnect.,pong,shame,3,,t,t,f,t,498,"{""progress"": {""kind"": ""count"", ""incrementIf"": {""loserId"": ""$.userId"", ""ragequit"": true}}, ""eventKeys"": [""pong:match:lost""], ""unlockWhen"": {""progress >="": 3}}",0,0,,2025-08-23 02:27:38.638,2025-08-31 23:55:14.586
307,Whiff Wizard,pong-bot-loss-shame,Whiff Wizard,Lose to Easy AI twice in a row.,pong,shame,2,,t,t,f,t,499,"{""progress"": {""kind"": ""binary"", ""incrementIf"": {""vsAI"": true, ""loserId"": ""$.userId""}}, ""eventKeys"": [""pong:match:lost""], ""unlockWhen"": {""progress >="": 1}}",0,0,,2025-08-23 02:27:38.639,2025-08-31 23:55:14.586
